customer_id,full_name,city,personal_phnum,personal_email,office_loc,subscription_date,pending_days,work_phnum,work_email
DD37Cf93aecA6Dc,Sheryl Baxter,East Leonard,229.077.5154,zunigavanessa@smith.info,Bangalore,2020-08-24,1436,397.884.0519x718,sherylbaxter@sample.com
C2dE4dEEc489ae0,Sheryl Meyers,Robersonstad,854-138-4911x5772,mariokhan@ryan-pope.org,Bangalore,2020-01-13,1660,+1-448-910-2276x729,sherylmeyers@sample.com
eC1927Ca84E033e,Shane Wilcox,Bryanville,(429)005-9030x11004,mariah88@santos.com,Bangalore,2021-04-06,1211,541-116-4501,shanewilcox@sample.com
3B5dAAFA41AFa22,Stefanie Fitzpatrick,Acevedoville,(752)776-3286,wterrell@clark.com,Bangalore,2020-07-30,1461,+1-472-021-4814x85074,stefaniefitzpatrick@sample.com
17aD8e2dB3df03D,Sherry Garza,West John,001-067-713-6440x158,ann48@miller.com,Bangalore,2021-11-01,1002,(978)289-8785x5766,sherrygarza@sample.com
e898eEB1B9FE22b,Samuel Crawford,South Jasmine,802-242-7457,xpittman@ritter-carney.net,Bangalore,2021-03-27,1221,626.116.9535x8578,samuelcrawford@sample.com
c09952De6Cda8aA,Stacie Richard,New Deborah,001-622-948-3641x24810,clinton85@colon-arias.org,Bangalore,2020-10-15,1384,001-731-168-2893x8891,stacierichard@sample.com
9Cf5E6AFE0aeBfd,Shelley Harris,Port Jasminborough,423.098.0315x8373,zachary96@mitchell-bryant.org,Bangalore,2020-12-10,1328,+1-386-458-8944x15194,shelleyharris@sample.com
98b3aeDcC3B9FF3,Shane Foley,South Dannymouth,+1-822-569-0302,nsteele@sparks.com,Bangalore,2021-07-06,1120,001-626-114-5844x55073,shanefoley@sample.com
54B5B5Fe9F1B6C5,Sherry Young,Frankchester,158-687-1764,alan79@gates-mclaughlin.com,Bangalore,2021-04-04,1213,(438)375-6207x003,sherryyoung@sample.com
